{"errors":[],"warnings":[],"namedChunkGroups":{"app":{"chunks":[6,5,0,1],"assets":["webpack-runtime-eb57cfd7e66ad5aa85a5.js","webpack-runtime-eb57cfd7e66ad5aa85a5.js.map","styles.491a16106869c73de5f8.css","styles-e6de4e09d8d0519894be.js","styles-e6de4e09d8d0519894be.js.map","commons-d63a5255aaf10c670b8f.js","commons-d63a5255aaf10c670b8f.js.map","app-43d510c6a5a5442708cb.js","app-43d510c6a5a5442708cb.js.map"],"children":{},"childAssets":{}},"component---src-templates-blog-post-js":{"chunks":[0,4],"assets":["commons-d63a5255aaf10c670b8f.js","commons-d63a5255aaf10c670b8f.js.map","component---src-templates-blog-post-js-acdb8fbd711c315b7c09.js","component---src-templates-blog-post-js-acdb8fbd711c315b7c09.js.map"],"children":{},"childAssets":{}},"component---src-pages-404-js":{"chunks":[0,2],"assets":["commons-d63a5255aaf10c670b8f.js","commons-d63a5255aaf10c670b8f.js.map","component---src-pages-404-js-a2f8b45d223d87b6d480.js","component---src-pages-404-js-a2f8b45d223d87b6d480.js.map"],"children":{},"childAssets":{}},"component---src-pages-index-js":{"chunks":[0,3],"assets":["commons-d63a5255aaf10c670b8f.js","commons-d63a5255aaf10c670b8f.js.map","component---src-pages-index-js-064783c65d7de9adfd28.js","component---src-pages-index-js-064783c65d7de9adfd28.js.map"],"children":{},"childAssets":{}}},"assetsByChunkName":{"app":["webpack-runtime-eb57cfd7e66ad5aa85a5.js","styles.491a16106869c73de5f8.css","styles-e6de4e09d8d0519894be.js","commons-d63a5255aaf10c670b8f.js","app-43d510c6a5a5442708cb.js"],"component---src-templates-blog-post-js":["commons-d63a5255aaf10c670b8f.js","component---src-templates-blog-post-js-acdb8fbd711c315b7c09.js"],"component---src-pages-404-js":["commons-d63a5255aaf10c670b8f.js","component---src-pages-404-js-a2f8b45d223d87b6d480.js"],"component---src-pages-index-js":["commons-d63a5255aaf10c670b8f.js","component---src-pages-index-js-064783c65d7de9adfd28.js"]}}